{
  "metrics": {
    "correctness": {
      "mean": 0.7109,
      "std": 0.1215,
      "ci95": 0.0692
    },
    "pass_at_k": {
      "mean": 0.5574,
      "std": 0.1966,
      "ci95": 0.0543
    },
    "joules": {
      "mean": 0.366752,
      "std": 0.094296,
      "ci95": 0.040543
    },
    "speedup": {
      "mean": 1038.4241,
      "std": 199.1236,
      "ci95": 38.3722
    }
  }
}
