{
  "metrics": {
    "correctness": {
      "mean": 0.5917,
      "std": 0.0577,
      "ci95": 0.0653
    },
    "pass_at_k": {
      "mean": 0.7458,
      "std": 0.0617,
      "ci95": 0.0698
    },
    "joules": {
      "mean": 5.304917,
      "std": 0.114893,
      "ci95": 0.130014
    },
    "speedup": {
      "mean": 1.593555,
      "std": 0.012998,
      "ci95": 0.014709
    }
  }
}
