seed,compile_rate,correctness,pass_at_k,runtime_ms,joules,power_w
11,0.8354430379746836,0.5189873417721519,0.5968354430379746,25.0910875,6.706226378787879,230.15798484848483
22,0.8354430379746836,0.5569620253164557,0.640506329113924,25.492582318181817,6.548235454545455,231.5577424242424
33,0.8860759493670886,0.3924050632911392,0.4512658227848101,24.59652398571429,6.998340971428571,230.75805714285715
