{
  "compile_rate": {
    "mean": 0.852321,
    "std": 0.029233,
    "ci95": 0.03308,
    "n": 3
  },
  "correctness": {
    "mean": 0.489451,
    "std": 0.086163,
    "ci95": 0.097502,
    "n": 3
  },
  "pass_at_k": {
    "mean": 0.562869,
    "std": 0.099087,
    "ci95": 0.112128,
    "n": 3
  },
  "runtime_ms": {
    "mean": 25.060065,
    "std": 0.448834,
    "ci95": 0.507903,
    "n": 3
  },
  "joules": {
    "mean": 6.750934,
    "std": 0.228359,
    "ci95": 0.258413,
    "n": 3
  },
  "power_w": {
    "mean": 230.824595,
    "std": 0.702247,
    "ci95": 0.794667,
    "n": 3
  }
}