{
  "metrics": {
    "correctness": {
      "mean": 0.5625,
      "std": 0.0573,
      "ci95": 0.0648
    },
    "pass_at_k": {
      "mean": 0.7,
      "std": 0.1023,
      "ci95": 0.1158
    },
    "joules": {
      "mean": 5.715327,
      "std": 0.310567,
      "ci95": 0.351439
    },
    "speedup": {
      "mean": 1.563453,
      "std": 0.013569,
      "ci95": 0.015355
    }
  }
}
