seed,compile_rate,correctness,pass_at_k,runtime_ms,joules,power_w
11,0.7721518987341772,0.4050632911392405,0.46582278481012657,27.60503536065574,7.861614819672131,227.55978688524593
22,0.9113924050632911,0.5189873417721519,0.5968354430379746,28.07045115277778,7.32893175,231.1469722222222
33,0.8227848101265823,0.45569620253164556,0.5240506329113923,24.8569882,6.718029061538462,232.07186153846155
