{
  "metrics": {
    "correctness": {
      "mean": 0.7902,
      "std": 0.1348,
      "ci95": 0.0482
    },
    "pass_at_k": {
      "mean": 0.4581,
      "std": 0.0309,
      "ci95": 0.0457
    },
    "joules": {
      "mean": 0.380776,
      "std": 0.057273,
      "ci95": 0.00419
    },
    "speedup": {
      "mean": 1509.1173,
      "std": 333.9074,
      "ci95": 162.7209
    }
  }
}
