{
  "compile_rate": {
    "mean": 0.835443,
    "std": 0.070478,
    "ci95": 0.079753,
    "n": 3
  },
  "correctness": {
    "mean": 0.459916,
    "std": 0.057079,
    "ci95": 0.064591,
    "n": 3
  },
  "pass_at_k": {
    "mean": 0.528903,
    "std": 0.065641,
    "ci95": 0.07428,
    "n": 3
  },
  "runtime_ms": {
    "mean": 26.844158,
    "std": 1.736602,
    "ci95": 1.96515,
    "n": 3
  },
  "joules": {
    "mean": 7.302859,
    "std": 0.572239,
    "ci95": 0.647549,
    "n": 3
  },
  "power_w": {
    "mean": 230.25954,
    "std": 2.38335,
    "ci95": 2.697014,
    "n": 3
  }
}