seed,compile_rate,correctness,pass_at_k,runtime_ms,joules,power_w
11,0.8860759493670886,0.569620253164557,0.6550632911392404,33.298465771428575,9.447416671428572,231.5118857142857
22,0.8734177215189873,0.4050632911392405,0.46582278481012657,32.41769868115942,9.6721484057971,229.1389855072464
33,0.9367088607594937,0.45569620253164556,0.5240506329113923,31.37381283783784,8.644589135135135,231.23597297297297
