{
  "metrics": {
    "correctness": {
      "mean": 0.6141,
      "std": 0.1399,
      "ci95": 0.0666
    },
    "pass_at_k": {
      "mean": 0.8667,
      "std": 0.0183,
      "ci95": 0.0547
    },
    "joules": {
      "mean": 0.039206,
      "std": 0.085115,
      "ci95": 0.007084
    },
    "speedup": {
      "mean": 1593.0312,
      "std": 218.6611,
      "ci95": 68.2774
    }
  }
}
