{
  "compile_rate": {
    "mean": 0.898734,
    "std": 0.033491,
    "ci95": 0.037898,
    "n": 3
  },
  "correctness": {
    "mean": 0.476793,
    "std": 0.084283,
    "ci95": 0.095375,
    "n": 3
  },
  "pass_at_k": {
    "mean": 0.548312,
    "std": 0.096925,
    "ci95": 0.109681,
    "n": 3
  },
  "runtime_ms": {
    "mean": 32.363326,
    "std": 0.963478,
    "ci95": 1.090278,
    "n": 3
  },
  "joules": {
    "mean": 9.254718,
    "std": 0.540203,
    "ci95": 0.611297,
    "n": 3
  },
  "power_w": {
    "mean": 230.628948,
    "std": 1.297699,
    "ci95": 1.468485,
    "n": 3
  }
}