{
  "metrics": {
    "correctness": {
      "mean": 0.5667,
      "std": 0.0382,
      "ci95": 0.0432
    },
    "pass_at_k": {
      "mean": 0.7208,
      "std": 0.0191,
      "ci95": 0.0216
    },
    "joules": {
      "mean": 7.113229,
      "std": 0.250474,
      "ci95": 0.283439
    },
    "speedup": {
      "mean": 1.408309,
      "std": 0.013605,
      "ci95": 0.015395
    }
  }
}
