{
  "metrics": {
    "correctness": {
      "mean": 0.6625,
      "std": 0.0696,
      "ci95": 0.0788
    },
    "pass_at_k": {
      "mean": 0.7958,
      "std": 0.0402,
      "ci95": 0.0455
    },
    "joules": {
      "mean": 3.790708,
      "std": 0.092235,
      "ci95": 0.104374
    },
    "speedup": {
      "mean": 1.695215,
      "std": 0.019064,
      "ci95": 0.021573
    }
  }
}
