{
  "compile_rate": {
    "mean": 0.864979,
    "std": 0.07417,
    "ci95": 0.083932,
    "n": 3
  },
  "correctness": {
    "mean": 0.590717,
    "std": 0.102315,
    "ci95": 0.115781,
    "n": 3
  },
  "pass_at_k": {
    "mean": 0.679325,
    "std": 0.117663,
    "ci95": 0.133148,
    "n": 3
  },
  "runtime_ms": {
    "mean": 20.698413,
    "std": 0.464114,
    "ci95": 0.525194,
    "n": 3
  },
  "joules": {
    "mean": 4.956447,
    "std": 0.071037,
    "ci95": 0.080385,
    "n": 3
  },
  "power_w": {
    "mean": 231.12986,
    "std": 2.557771,
    "ci95": 2.894391,
    "n": 3
  }
}