seed,compile_rate,correctness,pass_at_k,runtime_ms,joules,power_w
11,0.810126582278481,0.4810126582278481,0.5531645569620253,21.14761065625,4.976254140625,228.290125
22,0.9493670886075949,0.6835443037974683,0.7860759493670886,20.726930186666664,4.877609546666667,233.25266666666667
33,0.8354430379746836,0.6075949367088608,0.6987341772151898,20.220697848484846,5.015478363636364,231.84678787878786
