{
  "metrics": {
    "correctness": {
      "mean": 0.7787,
      "std": 0.0691,
      "ci95": 0.0585
    },
    "pass_at_k": {
      "mean": 0.8961,
      "std": 0.141,
      "ci95": 0.018
    },
    "joules": {
      "mean": 0.148588,
      "std": 0.098382,
      "ci95": 0.040854
    },
    "speedup": {
      "mean": 710.3179,
      "std": 364.9033,
      "ci95": 10.8304
    }
  }
}
