seed,compile_rate,correctness,pass_at_k,runtime_ms,joules,power_w
11,0.8860759493670886,0.46835443037974683,0.5386075949367088,24.915249628571427,6.618649842857143,229.95192857142857
22,0.8987341772151899,0.5822784810126582,0.6696202531645569,24.83525461971831,6.452738225352112,227.11187323943662
33,0.8734177215189873,0.4810126582278481,0.5531645569620253,23.79638408695652,6.252163420289855,230.84784057971015
