{
  "compile_rate": {
    "mean": 0.886076,
    "std": 0.012658,
    "ci95": 0.014324,
    "n": 3
  },
  "correctness": {
    "mean": 0.510549,
    "std": 0.062442,
    "ci95": 0.070659,
    "n": 3
  },
  "pass_at_k": {
    "mean": 0.587131,
    "std": 0.071808,
    "ci95": 0.081258,
    "n": 3
  },
  "runtime_ms": {
    "mean": 24.515629,
    "std": 0.624168,
    "ci95": 0.706312,
    "n": 3
  },
  "joules": {
    "mean": 6.441184,
    "std": 0.183516,
    "ci95": 0.207668,
    "n": 3
  },
  "power_w": {
    "mean": 229.303881,
    "std": 1.950471,
    "ci95": 2.207166,
    "n": 3
  }
}