{
  "metrics": {
    "correctness": {
      "mean": 0.9057,
      "std": 0.1396,
      "ci95": 0.0273
    },
    "pass_at_k": {
      "mean": 0.8051,
      "std": 0.1235,
      "ci95": 0.0182
    },
    "joules": {
      "mean": 0.163059,
      "std": 0.06255,
      "ci95": 0.047293
    },
    "speedup": {
      "mean": 1774.5883,
      "std": 362.8146,
      "ci95": 43.7565
    }
  }
}
