{
  "metrics": {
    "correctness": {
      "mean": 0.6083,
      "std": 0.026,
      "ci95": 0.0294
    },
    "pass_at_k": {
      "mean": 0.7375,
      "std": 0.0451,
      "ci95": 0.051
    },
    "joules": {
      "mean": 5.045113,
      "std": 0.278894,
      "ci95": 0.315598
    },
    "speedup": {
      "mean": 1.663039,
      "std": 0.005281,
      "ci95": 0.005975
    }
  }
}
