{
  "metrics": {
    "correctness": {
      "mean": 0.9173,
      "std": 0.1745,
      "ci95": 0.0614
    },
    "pass_at_k": {
      "mean": 0.7226,
      "std": 0.2019,
      "ci95": 0.0574
    },
    "joules": {
      "mean": 0.168163,
      "std": 0.016961,
      "ci95": 0.047758
    },
    "speedup": {
      "mean": 1539.7353,
      "std": 95.4641,
      "ci95": 172.6776
    }
  }
}
