{
  "compile_rate": {
    "mean": 0.886076,
    "std": 0.076997,
    "ci95": 0.08713,
    "n": 3
  },
  "correctness": {
    "mean": 0.620253,
    "std": 0.164557,
    "ci95": 0.186214,
    "n": 3
  },
  "pass_at_k": {
    "mean": 0.713291,
    "std": 0.189241,
    "ci95": 0.214146,
    "n": 3
  },
  "runtime_ms": {
    "mean": 25.731252,
    "std": 1.273831,
    "ci95": 1.441475,
    "n": 3
  },
  "joules": {
    "mean": 4.877253,
    "std": 0.309813,
    "ci95": 0.350587,
    "n": 3
  },
  "power_w": {
    "mean": 230.235755,
    "std": 2.693625,
    "ci95": 3.048124,
    "n": 3
  }
}