{
  "metrics": {
    "correctness": {
      "mean": 0.675,
      "std": 0.0331,
      "ci95": 0.0374
    },
    "pass_at_k": {
      "mean": 0.7917,
      "std": 0.0382,
      "ci95": 0.0432
    },
    "joules": {
      "mean": 3.760495,
      "std": 0.157544,
      "ci95": 0.178277
    },
    "speedup": {
      "mean": 1.608338,
      "std": 0.007356,
      "ci95": 0.008324
    }
  }
}
