seed,compile_rate,correctness,pass_at_k,runtime_ms,joules,power_w
11,0.7974683544303798,0.45569620253164556,0.5240506329113923,27.176695031746032,5.143094333333334,228.04847619047618
22,0.9240506329113924,0.620253164556962,0.7132911392405062,25.244467589041093,4.537014767123288,229.41432876712327
33,0.9367088607594937,0.7848101265822784,0.9025316455696202,24.77259368918919,4.9516496081081085,233.24445945945945
