seed,compile_rate,correctness,pass_at_k,runtime_ms,joules,power_w
11,0.9746835443037974,0.5822784810126582,0.6696202531645569,22.365643454545456,5.665573545454546,231.07863636363638
22,0.8354430379746836,0.4810126582278481,0.5531645569620253,20.38899224242424,5.458442909090909,227.51216666666667
33,0.8987341772151899,0.46835443037974683,0.5386075949367088,20.364470535211268,5.157429211267606,229.2983943661972
