{
  "metrics": {
    "correctness": {
      "mean": 0.5625,
      "std": 0.0451,
      "ci95": 0.051
    },
    "pass_at_k": {
      "mean": 0.7375,
      "std": 0.0217,
      "ci95": 0.0245
    },
    "joules": {
      "mean": 4.226383,
      "std": 0.116844,
      "ci95": 0.132222
    },
    "speedup": {
      "mean": 1.718626,
      "std": 0.006026,
      "ci95": 0.006819
    }
  }
}
