{
  "compile_rate": {
    "mean": 0.902954,
    "std": 0.069716,
    "ci95": 0.078891,
    "n": 3
  },
  "correctness": {
    "mean": 0.510549,
    "std": 0.062442,
    "ci95": 0.070659,
    "n": 3
  },
  "pass_at_k": {
    "mean": 0.587131,
    "std": 0.071808,
    "ci95": 0.081258,
    "n": 3
  },
  "runtime_ms": {
    "mean": 21.039702,
    "std": 1.148364,
    "ci95": 1.299497,
    "n": 3
  },
  "joules": {
    "mean": 5.427149,
    "std": 0.255514,
    "ci95": 0.289141,
    "n": 3
  },
  "power_w": {
    "mean": 229.296399,
    "std": 1.783236,
    "ci95": 2.017921,
    "n": 3
  }
}