{
  "metrics": {
    "correctness": {
      "mean": 0.7968,
      "std": 0.1259,
      "ci95": 0.0419
    },
    "pass_at_k": {
      "mean": 0.8696,
      "std": 0.1589,
      "ci95": 0.0149
    },
    "joules": {
      "mean": 0.314853,
      "std": 0.108234,
      "ci95": 0.049526
    },
    "speedup": {
      "mean": 1273.764,
      "std": 339.4461,
      "ci95": 162.9456
    }
  }
}
