{
  "compile_rate": {
    "mean": 0.860759,
    "std": 0.025316,
    "ci95": 0.028648,
    "n": 3
  },
  "correctness": {
    "mean": 0.438819,
    "std": 0.080391,
    "ci95": 0.09097,
    "n": 3
  },
  "pass_at_k": {
    "mean": 0.504641,
    "std": 0.092449,
    "ci95": 0.104616,
    "n": 3
  },
  "runtime_ms": {
    "mean": 26.031336,
    "std": 2.126978,
    "ci95": 2.406902,
    "n": 3
  },
  "joules": {
    "mean": 7.315467,
    "std": 0.666438,
    "ci95": 0.754146,
    "n": 3
  },
  "power_w": {
    "mean": 228.645745,
    "std": 2.31027,
    "ci95": 2.614316,
    "n": 3
  }
}