seed,compile_rate,correctness,pass_at_k,runtime_ms,joules,power_w
11,0.8607594936708861,0.5316455696202531,0.6113924050632911,28.01847579411765,7.776050323529412,226.2280882352941
22,0.8860759493670886,0.3924050632911392,0.4512658227848101,26.287762757142858,7.619063285714286,230.83107142857142
33,0.8354430379746836,0.3924050632911392,0.4512658227848101,23.78777003030303,6.551286348484849,228.87807575757574
