{
  "metrics": {
    "correctness": {
      "mean": 0.8327,
      "std": 0.0338,
      "ci95": 0.0255
    },
    "pass_at_k": {
      "mean": 0.908,
      "std": 0.2122,
      "ci95": 0.0397
    },
    "joules": {
      "mean": 0.297148,
      "std": 0.049566,
      "ci95": 0.028765
    },
    "speedup": {
      "mean": 448.3146,
      "std": 297.2896,
      "ci95": 102.8584
    }
  }
}
