{
  "metrics": {
    "correctness": {
      "mean": 0.5333,
      "std": 0.0878,
      "ci95": 0.0994
    },
    "pass_at_k": {
      "mean": 0.6917,
      "std": 0.0473,
      "ci95": 0.0536
    },
    "joules": {
      "mean": 5.507546,
      "std": 0.361442,
      "ci95": 0.409011
    },
    "speedup": {
      "mean": 1.592371,
      "std": 0.008338,
      "ci95": 0.009436
    }
  }
}
