seed,compile_rate,correctness,pass_at_k,runtime_ms,joules,power_w
11,0.8354430379746836,0.3924050632911392,0.4512658227848101,26.253470984848484,7.250063742424243,226.43778787878787
22,0.8734177215189873,0.569620253164557,0.6550632911392404,25.669729420289855,7.156204927536232,230.28728985507246
33,0.8481012658227848,0.5569620253164557,0.640506329113924,26.53168052238806,7.1321306268656715,229.03831343283582
