{
  "metrics": {
    "correctness": {
      "mean": 0.5917,
      "std": 0.0191,
      "ci95": 0.0216
    },
    "pass_at_k": {
      "mean": 0.7125,
      "std": 0.0781,
      "ci95": 0.0883
    },
    "joules": {
      "mean": 5.445764,
      "std": 0.151917,
      "ci95": 0.17191
    },
    "speedup": {
      "mean": 1.62239,
      "std": 0.013317,
      "ci95": 0.01507
    }
  }
}
