{
  "metrics": {
    "correctness": {
      "mean": 0.6186,
      "std": 0.1967,
      "ci95": 0.0341
    },
    "pass_at_k": {
      "mean": 0.8382,
      "std": 0.143,
      "ci95": 0.0144
    },
    "joules": {
      "mean": 0.329946,
      "std": 0.057933,
      "ci95": 0.037078
    },
    "speedup": {
      "mean": 731.1262,
      "std": 305.0484,
      "ci95": 31.0654
    }
  }
}
