{
  "compile_rate": {
    "mean": 0.852321,
    "std": 0.019336,
    "ci95": 0.02188,
    "n": 3
  },
  "correctness": {
    "mean": 0.506329,
    "std": 0.098864,
    "ci95": 0.111875,
    "n": 3
  },
  "pass_at_k": {
    "mean": 0.582278,
    "std": 0.113694,
    "ci95": 0.128656,
    "n": 3
  },
  "runtime_ms": {
    "mean": 26.151627,
    "std": 0.439908,
    "ci95": 0.497803,
    "n": 3
  },
  "joules": {
    "mean": 7.179466,
    "std": 0.062313,
    "ci95": 0.070514,
    "n": 3
  },
  "power_w": {
    "mean": 228.587797,
    "std": 1.963897,
    "ci95": 2.222358,
    "n": 3
  }
}