{
  "metrics": {
    "correctness": {
      "mean": 0.5375,
      "std": 0.0433,
      "ci95": 0.049
    },
    "pass_at_k": {
      "mean": 0.7125,
      "std": 0.0125,
      "ci95": 0.0141
    },
    "joules": {
      "mean": 5.335713,
      "std": 0.216803,
      "ci95": 0.245336
    },
    "speedup": {
      "mean": 1.726041,
      "std": 0.004917,
      "ci95": 0.005564
    }
  }
}
