{
  "compile_rate": {
    "mean": 0.873418,
    "std": 0.04564,
    "ci95": 0.051646,
    "n": 3
  },
  "correctness": {
    "mean": 0.421941,
    "std": 0.093305,
    "ci95": 0.105585,
    "n": 3
  },
  "pass_at_k": {
    "mean": 0.485232,
    "std": 0.107301,
    "ci95": 0.121423,
    "n": 3
  },
  "runtime_ms": {
    "mean": 24.775583,
    "std": 0.879777,
    "ci95": 0.995561,
    "n": 3
  },
  "joules": {
    "mean": 7.098381,
    "std": 0.471045,
    "ci95": 0.533038,
    "n": 3
  },
  "power_w": {
    "mean": 232.225527,
    "std": 1.13494,
    "ci95": 1.284305,
    "n": 3
  }
}