{
  "metrics": {
    "correctness": {
      "mean": 0.6484,
      "std": 0.0129,
      "ci95": 0.0233
    },
    "pass_at_k": {
      "mean": 0.6668,
      "std": 0.1067,
      "ci95": 0.0262
    },
    "joules": {
      "mean": 0.293918,
      "std": 0.076824,
      "ci95": 0.046254
    },
    "speedup": {
      "mean": 760.5755,
      "std": 111.0912,
      "ci95": 79.7175
    }
  }
}
