seed,compile_rate,correctness,pass_at_k,runtime_ms,joules,power_w
11,0.8607594936708861,0.45569620253164556,0.5240506329113923,25.22617913235294,7.580475441176469,231.8878382352941
22,0.8354430379746836,0.31645569620253167,0.3639240506329114,25.338782545454546,6.639222424242424,231.29775757575757
33,0.9240506329113924,0.4936708860759494,0.5677215189873418,23.7617867260274,7.075445178082191,233.49098630136987
