{
  "compile_rate": {
    "mean": 0.881857,
    "std": 0.0527,
    "ci95": 0.059636,
    "n": 3
  },
  "correctness": {
    "mean": 0.556962,
    "std": 0.033491,
    "ci95": 0.037898,
    "n": 3
  },
  "pass_at_k": {
    "mean": 0.640506,
    "std": 0.038514,
    "ci95": 0.043583,
    "n": 3
  },
  "runtime_ms": {
    "mean": 24.545474,
    "std": 0.984618,
    "ci95": 1.114201,
    "n": 3
  },
  "joules": {
    "mean": 5.90808,
    "std": 0.498543,
    "ci95": 0.564154,
    "n": 3
  },
  "power_w": {
    "mean": 230.632876,
    "std": 0.850921,
    "ci95": 0.962907,
    "n": 3
  }
}