{
  "metrics": {
    "correctness": {
      "mean": 0.7507,
      "std": 0.0916,
      "ci95": 0.0235
    },
    "pass_at_k": {
      "mean": 0.6647,
      "std": 0.1295,
      "ci95": 0.0805
    },
    "joules": {
      "mean": 0.384667,
      "std": 0.063907,
      "ci95": 0.014884
    },
    "speedup": {
      "mean": 124.6204,
      "std": 240.435,
      "ci95": 171.266
    }
  }
}
