{
  "metrics": {
    "correctness": {
      "mean": 0.6542,
      "std": 0.026,
      "ci95": 0.0294
    },
    "pass_at_k": {
      "mean": 0.8042,
      "std": 0.0473,
      "ci95": 0.0536
    },
    "joules": {
      "mean": 4.445453,
      "std": 0.230065,
      "ci95": 0.260343
    },
    "speedup": {
      "mean": 1.67434,
      "std": 0.020055,
      "ci95": 0.022695
    }
  }
}
