seed,compile_rate,correctness,pass_at_k,runtime_ms,joules,power_w
11,0.9240506329113924,0.5822784810126582,0.6696202531645569,25.459476821917807,6.477747493150685,230.84767123287673
22,0.8227848101265823,0.5189873417721519,0.5968354430379746,24.674067984615384,5.695039969230769,229.69513846153845
33,0.8987341772151899,0.569620253164557,0.6550632911392404,23.50287676056338,5.551453873239437,231.35581690140845
