seed,compile_rate,correctness,pass_at_k,runtime_ms_mean,joules_mean,avg_power_w_mean,reward_mean,reward_std,experiment
11,0.8,0.5625,0.725,19.578849,5.187271,229.984,7.4835,5.89252,paper_figures
22,0.9125,0.6375,0.725,19.344602,4.956798,225.396,8.31592,6.31811,paper_figures
33,0.9125,0.7,0.775,18.634239,4.920555,226.824,8.73359,6.19617,paper_figures
