{
  "compile_rate": {
    "mean": 0.886076,
    "std": 0.037975,
    "ci95": 0.042972,
    "n": 3
  },
  "correctness": {
    "mean": 0.57384,
    "std": 0.113454,
    "ci95": 0.128386,
    "n": 3
  },
  "pass_at_k": {
    "mean": 0.659916,
    "std": 0.130472,
    "ci95": 0.147643,
    "n": 3
  },
  "runtime_ms": {
    "mean": 24.542682,
    "std": 0.359327,
    "ci95": 0.406617,
    "n": 3
  },
  "joules": {
    "mean": 6.495862,
    "std": 0.221672,
    "ci95": 0.250845,
    "n": 3
  },
  "power_w": {
    "mean": 229.155109,
    "std": 3.440054,
    "ci95": 3.892788,
    "n": 3
  }
}