seed,compile_rate,correctness,pass_at_k,runtime_ms,joules,power_w
11,0.8481012658227848,0.4430379746835443,0.5094936708860759,24.842991179104477,6.623744746268657,225.1847014925373
22,0.9240506329113924,0.6455696202531646,0.7424050632911392,24.640472164383564,6.623943356164384,231.03605479452057
33,0.8860759493670886,0.6329113924050633,0.7278481012658228,24.144582200000002,6.2398971,231.24457142857145
