{
  "metrics": {
    "correctness": {
      "mean": 0.6333,
      "std": 0.0688,
      "ci95": 0.0779
    },
    "pass_at_k": {
      "mean": 0.7417,
      "std": 0.0289,
      "ci95": 0.0327
    },
    "joules": {
      "mean": 5.021541,
      "std": 0.144666,
      "ci95": 0.163705
    },
    "speedup": {
      "mean": 1.670871,
      "std": 0.015112,
      "ci95": 0.017101
    }
  }
}
