{
  "metrics": {
    "correctness": {
      "mean": 0.6965,
      "std": 0.1322,
      "ci95": 0.0645
    },
    "pass_at_k": {
      "mean": 0.6272,
      "std": 0.1016,
      "ci95": 0.0303
    },
    "joules": {
      "mean": 0.458592,
      "std": 0.086084,
      "ci95": 0.041637
    },
    "speedup": {
      "mean": 383.3608,
      "std": 187.6848,
      "ci95": 123.757
    }
  }
}
