{
  "compile_rate": {
    "mean": 0.835443,
    "std": 0.079051,
    "ci95": 0.089454,
    "n": 3
  },
  "correctness": {
    "mean": 0.552743,
    "std": 0.143955,
    "ci95": 0.162901,
    "n": 3
  },
  "pass_at_k": {
    "mean": 0.635654,
    "std": 0.165549,
    "ci95": 0.187336,
    "n": 3
  },
  "runtime_ms": {
    "mean": 24.666996,
    "std": 0.686763,
    "ci95": 0.777145,
    "n": 3
  },
  "joules": {
    "mean": 6.509478,
    "std": 0.128184,
    "ci95": 0.145054,
    "n": 3
  },
  "power_w": {
    "mean": 230.322934,
    "std": 1.271929,
    "ci95": 1.439323,
    "n": 3
  }
}