seed,compile_rate,correctness,pass_at_k,runtime_ms,joules,power_w
11,0.8607594936708861,0.5949367088607594,0.6841772151898733,23.90995442647059,6.6524655294117645,231.72383823529412
22,0.7468354430379747,0.3924050632911392,0.4512658227848101,24.84104440677966,6.471105372881356,230.00445762711863
33,0.8987341772151899,0.6708860759493671,0.7715189873417722,25.24998952112676,6.404861957746479,229.24050704225354
