seed,compile_rate,correctness,pass_at_k,runtime_ms_mean,joules_mean,avg_power_w_mean,reward_mean,reward_std,experiment
11,0.781,0.6905,0.5656,0.141983,0.252857,94.774,10.33256,0.06929,paper_tables
22,0.9346,0.6211,0.6534,0.190674,0.043021,238.511,8.31891,0.46744,paper_tables
33,0.9771,0.9117,0.6854,0.159196,0.075487,292.88,1.09927,2.00424,paper_tables
