{
  "metrics": {
    "correctness": {
      "mean": 0.6667,
      "std": 0.0361,
      "ci95": 0.0408
    },
    "pass_at_k": {
      "mean": 0.7708,
      "std": 0.0072,
      "ci95": 0.0082
    },
    "joules": {
      "mean": 4.996586,
      "std": 0.05206,
      "ci95": 0.058912
    },
    "speedup": {
      "mean": 1.673049,
      "std": 0.013103,
      "ci95": 0.014828
    }
  }
}
