{
  "metrics": {
    "correctness": {
      "mean": 0.6392,
      "std": 0.087,
      "ci95": 0.0367
    },
    "pass_at_k": {
      "mean": 0.7305,
      "std": 0.1317,
      "ci95": 0.0735
    },
    "joules": {
      "mean": 0.418647,
      "std": 0.018474,
      "ci95": 0.030234
    },
    "speedup": {
      "mean": 1690.9389,
      "std": 271.8951,
      "ci95": 159.885
    }
  }
}
