seed,compile_rate,correctness,pass_at_k,runtime_ms_mean,joules_mean,avg_power_w_mean,reward_mean,reward_std,experiment
11,0.9,0.6875,0.775,19.500946,5.045069,228.929,8.28049,6.23923,paper_tables
22,0.8375,0.625,0.775,19.089712,4.941566,223.22,8.32289,6.62018,paper_tables
33,0.9,0.6875,0.7625,18.946018,5.003124,227.872,8.70506,6.1744,paper_tables
