{
  "summary": {
    "total_profiled": 200,
    "successful": 200,
    "failed": 0,
    "kernel_types": 11
  },
  "per_type_stats": {
    "activation": {
      "count": 15,
      "energy_j": {
        "mean": 6.533164068183539,
        "std": 6.05204735089785,
        "min": 2.671173406356946,
        "max": 23.895683388312403
      },
      "runtime_ms": {
        "mean": 26.22355178197225,
        "std": 15.430631334256075,
        "min": 7.442431926727295,
        "max": 68.22502136230469
      },
      "avg_power_w": {
        "mean": 96.94883108620918,
        "std": 13.75717960652448
      },
      "avg_gpu_util_pct": {
        "mean": 16.47878787878788,
        "std": 32.94934516365829
      },
      "avg_mem_util_pct": {
        "mean": 10.573737373737373,
        "std": 23.84633253396217
      },
      "energy_per_ms": {
        "mean": 0.22727299200403936,
        "std": 0.06704858865847599
      },
      "compute_to_mem_ratio": {
        "mean": 3.494246620507748,
        "std": 5.078079281772034
      },
      "avg_temp_c": {
        "mean": 35.62651515151515
      }
    },
    "attention": {
      "count": 1,
      "energy_j": {
        "mean": 9.744733941056474,
        "std": null,
        "min": 9.744733941056474,
        "max": 9.744733941056474
      },
      "runtime_ms": {
        "mean": 37.48044967651367,
        "std": null,
        "min": 37.48044967651367,
        "max": 37.48044967651367
      },
      "avg_power_w": {
        "mean": 96.92310948398487,
        "std": null
      },
      "avg_gpu_util_pct": {
        "mean": 0.0,
        "std": null
      },
      "avg_mem_util_pct": {
        "mean": 0.0,
        "std": null
      },
      "energy_per_ms": {
        "mean": 0.2599951181258854,
        "std": null
      },
      "compute_to_mem_ratio": {
        "mean": null,
        "std": null
      },
      "avg_temp_c": {
        "mean": 42.666666666666664
      }
    },
    "composite": {
      "count": 100,
      "energy_j": {
        "mean": 5.13240226051035,
        "std": 5.011465274504201,
        "min": 0.48996926181111483,
        "max": 29.66170204478962
      },
      "runtime_ms": {
        "mean": 15.719724156856536,
        "std": 13.957398153302375,
        "min": 1.5544320344924927,
        "max": 66.84646606445312
      },
      "avg_power_w": {
        "mean": 125.17771338868306,
        "std": 24.005756300636964
      },
      "avg_gpu_util_pct": {
        "mean": 24.798896825396824,
        "std": 31.994442999202803
      },
      "avg_mem_util_pct": {
        "mean": 11.069968253968254,
        "std": 20.256837911435042
      },
      "energy_per_ms": {
        "mean": 0.34281748047239957,
        "std": 0.08303755045492864
      },
      "compute_to_mem_ratio": {
        "mean": 6.1324665196736134,
        "std": 7.375278684692807
      },
      "avg_temp_c": {
        "mean": 38.26401587301587
      }
    },
    "conv": {
      "count": 18,
      "energy_j": {
        "mean": 2.5294766080565947,
        "std": 2.451109771922317,
        "min": 0.48066670043533666,
        "max": 10.277046196629993
      },
      "runtime_ms": {
        "mean": 9.605594681368935,
        "std": 9.653708011863706,
        "min": 1.7940479516983032,
        "max": 39.63187026977539
      },
      "avg_power_w": {
        "mean": 103.11643765092661,
        "std": 16.56919503695472
      },
      "avg_gpu_util_pct": {
        "mean": 31.23611111111111,
        "std": 29.7976598249888
      },
      "avg_mem_util_pct": {
        "mean": 10.916666666666666,
        "std": 21.03376137658357
      },
      "energy_per_ms": {
        "mean": 0.2864673828632625,
        "std": 0.07188008532111279
      },
      "compute_to_mem_ratio": {
        "mean": 16.09114378799346,
        "std": 17.509476407897214
      },
      "avg_temp_c": {
        "mean": 37.083333333333336
      }
    },
    "conv_transpose": {
      "count": 17,
      "energy_j": {
        "mean": 8.183702699105924,
        "std": 13.612083931799999,
        "min": 1.0478035995131358,
        "max": 53.24059392790899
      },
      "runtime_ms": {
        "mean": 20.424782752990723,
        "std": 27.120591123315997,
        "min": 2.933759927749634,
        "max": 100.2577896118164
      },
      "avg_power_w": {
        "mean": 134.23607227358337,
        "std": 29.294438821178733
      },
      "avg_gpu_util_pct": {
        "mean": 33.40098039215687,
        "std": 31.700355145327148
      },
      "avg_mem_util_pct": {
        "mean": 8.726470588235294,
        "std": 14.59655479093289
      },
      "energy_per_ms": {
        "mean": 0.36094235954674275,
        "std": 0.09454514391951806
      },
      "compute_to_mem_ratio": {
        "mean": 11.334474257539272,
        "std": 9.383429767042124
      },
      "avg_temp_c": {
        "mean": 38.358823529411765
      }
    },
    "loss": {
      "count": 6,
      "energy_j": {
        "mean": 5.862957011922137,
        "std": 4.282239194622421,
        "min": 0.6050157789814984,
        "max": 12.109459865211742
      },
      "runtime_ms": {
        "mean": 24.694624265034992,
        "std": 15.533175916956505,
        "min": 1.6660480499267578,
        "max": 44.83174514770508
      },
      "avg_power_w": {
        "mean": 97.7503094600048,
        "std": 11.328981455473283
      },
      "avg_gpu_util_pct": {
        "mean": 22.166666666666668,
        "std": 14.493676782192525
      },
      "avg_mem_util_pct": {
        "mean": 14.777777777777779,
        "std": 17.723702480848342
      },
      "energy_per_ms": {
        "mean": 0.2477042163226486,
        "std": 0.06526025439282708
      },
      "compute_to_mem_ratio": {
        "mean": 7.335759580920872,
        "std": 10.480042697530942
      },
      "avg_temp_c": {
        "mean": 36.964285714285715
      }
    },
    "matmul": {
      "count": 18,
      "energy_j": {
        "mean": 1.0474551495025044,
        "std": 0.601702546319269,
        "min": 0.087225,
        "max": 1.820625780906994
      },
      "runtime_ms": {
        "mean": 5.032577783697182,
        "std": 3.8387308689557207,
        "min": 0.2088959962129593,
        "max": 12.981247901916504
      },
      "avg_power_w": {
        "mean": 85.93569444444444,
        "std": 15.219632544782499
      },
      "avg_gpu_util_pct": {
        "mean": 27.22222222222222,
        "std": 27.77335912568343
      },
      "avg_mem_util_pct": {
        "mean": 8.61111111111111,
        "std": 15.084619704652381
      },
      "energy_per_ms": {
        "mean": 0.24620689030001763,
        "std": 0.07627844973914721
      },
      "compute_to_mem_ratio": {
        "mean": 8.623643023643025,
        "std": 8.484500204505872
      },
      "avg_temp_c": {
        "mean": 34.44444444444444
      }
    },
    "norm": {
      "count": 8,
      "energy_j": {
        "mean": 10.039986019139404,
        "std": 6.120422097166351,
        "min": 2.2900949429576283,
        "max": 20.430513514136372
      },
      "runtime_ms": {
        "mean": 35.44863176345825,
        "std": 19.138963866279987,
        "min": 6.1460161209106445,
        "max": 63.93212890625
      },
      "avg_power_w": {
        "mean": 102.29845515530539,
        "std": 11.560041102549915
      },
      "avg_gpu_util_pct": {
        "mean": 32.81388888888889,
        "std": 40.30536690579723
      },
      "avg_mem_util_pct": {
        "mean": 22.305555555555554,
        "std": 31.059523556026043
      },
      "energy_per_ms": {
        "mean": 0.2841539528241823,
        "std": 0.049494879605914345
      },
      "compute_to_mem_ratio": {
        "mean": 3.4861988304093567,
        "std": 5.083528468907841
      },
      "avg_temp_c": {
        "mean": 37.3625
      }
    },
    "pooling": {
      "count": 6,
      "energy_j": {
        "mean": 3.2247204808194265,
        "std": 2.0626567255788433,
        "min": 1.7265931009654887,
        "max": 7.0167705551669926
      },