{
  "compile_rate": {
    "mean": 0.886076,
    "std": 0.0,
    "ci95": 0.0,
    "n": 3
  },
  "correctness": {
    "mean": 0.50211,
    "std": 0.019336,
    "ci95": 0.02188,
    "n": 3
  },
  "pass_at_k": {
    "mean": 0.577426,
    "std": 0.022236,
    "ci95": 0.025163,
    "n": 3
  },
  "runtime_ms": {
    "mean": 27.163549,
    "std": 0.394125,
    "ci95": 0.445995,
    "n": 3
  },
  "joules": {
    "mean": 7.260214,
    "std": 0.228881,
    "ci95": 0.259003,
    "n": 3
  },
  "power_w": {
    "mean": 231.868529,
    "std": 1.97971,
    "ci95": 2.240252,
    "n": 3
  }
}