seed,compile_rate,correctness,pass_at_k,runtime_ms,joules,power_w
11,0.8860759493670886,0.5189873417721519,0.5968354430379746,26.900446085714286,7.490411628571428,233.55491428571426
22,0.8860759493670886,0.5063291139240507,0.5822784810126582,26.973515414285714,7.0326734,232.36187142857142
33,0.8860759493670886,0.4810126582278481,0.5531645569620253,27.616686314285715,7.257556914285714,229.68880000000001
