{
  "metrics": {
    "correctness": {
      "mean": 0.575,
      "std": 0.0375,
      "ci95": 0.0424
    },
    "pass_at_k": {
      "mean": 0.7042,
      "std": 0.0289,
      "ci95": 0.0327
    },
    "joules": {
      "mean": 5.387258,
      "std": 0.226201,
      "ci95": 0.255971
    },
    "speedup": {
      "mean": 1.608745,
      "std": 0.029134,
      "ci95": 0.032968
    }
  }
}
