{
  "metrics": {
    "correctness": {
      "mean": 0.9444,
      "std": 0.1584,
      "ci95": 0.0748
    },
    "pass_at_k": {
      "mean": 0.8801,
      "std": 0.1788,
      "ci95": 0.0467
    },
    "joules": {
      "mean": 0.444461,
      "std": 0.078729,
      "ci95": 0.03234
    },
    "speedup": {
      "mean": 1887.7853,
      "std": 84.4482,
      "ci95": 118.8441
    }
  }
}
