{
  "metrics": {
    "correctness": {
      "mean": 0.5917,
      "std": 0.0505,
      "ci95": 0.0572
    },
    "pass_at_k": {
      "mean": 0.7167,
      "std": 0.0402,
      "ci95": 0.0455
    },
    "joules": {
      "mean": 5.493485,
      "std": 0.11673,
      "ci95": 0.132093
    },
    "speedup": {
      "mean": 1.608745,
      "std": 0.029134,
      "ci95": 0.032968
    }
  }
}
