comparison,delta_correctness_abs,delta_joules_pct,delta_runtime_pct,delta_reward_abs
M2 vs M1,-0.01660000000000006,-10.744803524437476,3.36626102379662,-0.08868999999999971
M3 vs M1,-0.01660000000000006,-15.918117934616557,4.937921860373453,0.10207999999999995
