model,experiment,compile_rate,correctness,pass_at_k,runtime_ms,joules,avg_power_w,speedup,sla_violation_rate,reward_mean,reward_std
M0,kernel_generation_baseline,0.9333,0.65,0.68,0.094592,0.111216,231.532,1.465684,0.1333,3.03486,5.08694
M1,throughput_rl,0.95,0.8333,0.8833,0.081188,0.101463,250.54,2.192352,0.05,6.12388,4.15465
M2,energy_aware_rl,0.95,0.8167,0.8667,0.083921,0.090561,214.495,2.070606,0.0333,6.03519,4.0968
M3,ipw_blend_lambda_ablation,0.9667,0.8167,0.8717,0.085197,0.085312,198.874,2.064815,0.0333,6.22596,4.10174
M4,runtime_control,0.95,0.8,0.84,0.07838,0.082012,207.792,1.981125,0.0167,5.99738,4.21727
M5,hierarchical_control,0.9667,0.8333,0.8753,0.075501,0.076188,200.492,2.037438,0.0333,6.56885,3.89352
