comparison,delta_correctness_abs,delta_joules_pct,delta_runtime_pct,delta_reward_abs
M2 vs M1,-0.012499999999999956,-23.588722672860534,3.63221034720182,1.1639000000000017
M3 vs M1,0.008300000000000085,-35.36221700413403,4.752146713270157,2.2634500000000006
