model,experiment,compile_rate,correctness,pass_at_k,runtime_ms,joules,avg_power_w,speedup,sla_violation_rate,reward_mean,reward_std
M0,kernel_generation_baseline,0.8583,0.4792,0.675,23.151533,6.69726,250.727,1.190269,0.2167,-0.02241,7.54414
M1,throughput_rl,0.8542,0.6667,0.7917,18.24184,5.817797,276.599,1.919582,0.1875,8.0019,6.89821
M2,energy_aware_rl,0.8708,0.6542,0.8042,18.904422,4.445453,205.134,1.67434,0.225,9.1658,5.49488
M3,ipw_blend_lambda_ablation,0.8875,0.6875,0.8125,19.791065,4.038588,179.369,1.601626,0.2,9.90348,5.07903
M4,runtime_control,0.875,0.5667,0.7208,17.340638,4.440066,222.814,1.628003,0.1917,8.31819,5.5095
M5,hierarchical_control,0.8792,0.5625,0.75,15.758595,3.770831,207.2,1.717173,0.1833,9.97012,4.99348
