experiment,correctness,pass_at_k,runtime_ms,joules,speedup,reward_mean
cross_hardware_transfer,0.8,0.855,0.086465,0.09347,1.968107,5.50509
data_scale_ablation,0.8,0.86,0.086479,0.095472,1.970349,5.72405
difficulty_stratified_eval,0.8,0.86,0.085023,0.092786,1.990633,5.69032
heldout_generalization,0.8,0.855,0.087596,0.095521,1.956324,5.73379
inference_budget_ablation,0.8,0.88,0.084816,0.091422,1.945371,5.68651
measurement_repeatability,0.8,0.86,0.085115,0.093316,1.965849,5.6427
reward_ablation,0.7833,0.8333,0.087586,0.099104,1.929197,5.27563
telemetry_realism_ablation,0.8,0.845,0.087364,0.097268,1.910221,5.43019
