seed,num_tasks,pass_at_k,mean_reward,mean_runtime_ms,mean_joules,std_reward
11,20,0.349454,1.425342,0.129172,0.107594,0.231874
22,20,0.816833,0.493647,0.087079,0.183863,0.239080
33,20,0.473401,-0.973476,0.136686,0.033266,0.219019
