seed,num_tasks,pass_at_k,mean_reward,mean_runtime_ms,mean_joules,std_reward
11,80,0.575,7.188895,19.421198,6.119869,7.286631
22,80,0.7,9.096743,19.316791,4.717911,6.167047
33,80,0.65,9.765001,18.045344,3.812816,4.936953
