{
  "experiment_id": "2026-03_M_ALL__paper_artifacts",
  "metric_cis": {
    "pass_at_k": {
      "mean": 0.8483,
      "ci95_low": 0.7177,
      "ci95_high": 0.979
    },
    "reward": {
      "mean": 5.7371,
      "ci95_low": 4.5979,
      "ci95_high": 6.8764
    },
    "runtime_ms": {
      "mean": 0.084175,
      "ci95_low": 0.083149,
      "ci95_high": 0.085202
    },
    "joules": {
      "mean": 0.089774,
      "ci95_low": 0.087785,
      "ci95_high": 0.091762
    }
  }
}
