seed,num_tasks,pass_at_k,mean_reward,mean_runtime_ms,mean_joules,std_reward
11,20,0.915,6.323354,0.085035,0.090976,3.558589
22,20,0.715,4.574682,0.083227,0.087757,4.316183
33,20,0.915,6.313366,0.084264,0.090588,3.332747
