{
  "metrics": {
    "correctness": {
      "mean": 0.4792,
      "std": 0.0711,
      "ci95": 0.0804
    },
    "pass_at_k": {
      "mean": 0.6917,
      "std": 0.0473,
      "ci95": 0.0536
    },
    "joules": {
      "mean": 5.845336,
      "std": 0.206862,
      "ci95": 0.234086
    },
    "speedup": {
      "mean": 1.28203,
      "std": 0.012108,
      "ci95": 0.013702
    }
  }
}
