{
  "compile_rate": {
    "mean": 0.881857,
    "std": 0.007308,
    "ci95": 0.00827,
    "n": 3
  },
  "correctness": {
    "mean": 0.417722,
    "std": 0.058007,
    "ci95": 0.065641,
    "n": 3
  },
  "pass_at_k": {
    "mean": 0.48038,
    "std": 0.066708,
    "ci95": 0.075488,
    "n": 3
  },
  "runtime_ms": {
    "mean": 26.38767,
    "std": 1.003805,
    "ci95": 1.135912,
    "n": 3
  },
  "joules": {
    "mean": 7.543346,
    "std": 0.367525,
    "ci95": 0.415894,
    "n": 3
  },
  "power_w": {
    "mean": 228.781891,
    "std": 1.376211,
    "ci95": 1.557329,
    "n": 3
  }
}