{
  "metrics": {
    "correctness": {
      "mean": 0.8322,
      "std": 0.0167,
      "ci95": 0.0196
    },
    "pass_at_k": {
      "mean": 0.6299,
      "std": 0.0941,
      "ci95": 0.0728
    },
    "joules": {
      "mean": 0.163921,
      "std": 0.006025,
      "ci95": 0.03417
    },
    "speedup": {
      "mean": 1030.3662,
      "std": 338.8566,
      "ci95": 137.1976
    }
  }
}
