seed,compile_rate,correctness,pass_at_k,runtime_ms,joules,power_w
11,0.8860759493670886,0.4810126582278481,0.5531645569620253,27.428315428571427,7.967215557142858,227.21485714285714
22,0.8734177215189873,0.3670886075949367,0.4221518987341772,26.309407637681158,7.349461550724637,229.79401449275363
33,0.8860759493670886,0.4050632911392405,0.46582278481012657,25.425287814285713,7.313361042857143,229.3368
