seed,compile_rate,correctness,pass_at_k,runtime_ms,joules,power_w
11,0.9746835443037974,0.6455696202531646,0.7424050632911392,22.826701857142858,6.313859623376623,233.17118181818182
22,0.759493670886076,0.22784810126582278,0.26202531645569616,23.293105533333335,5.8807603833333335,227.63594999999998
33,0.9113924050632911,0.5316455696202531,0.6113924050632911,21.62833854166667,5.395214819444444,226.04394444444446
