{
  "compile_rate": {
    "mean": 0.881857,
    "std": 0.110594,
    "ci95": 0.125148,
    "n": 3
  },
  "correctness": {
    "mean": 0.468354,
    "std": 0.215933,
    "ci95": 0.244351,
    "n": 3
  },
  "pass_at_k": {
    "mean": 0.538608,
    "std": 0.248323,
    "ci95": 0.281004,
    "n": 3
  },
  "runtime_ms": {
    "mean": 22.582715,
    "std": 0.858784,
    "ci95": 0.971805,
    "n": 3
  },
  "joules": {
    "mean": 5.863278,
    "std": 0.459572,
    "ci95": 0.520055,
    "n": 3
  },
  "power_w": {
    "mean": 228.950359,
    "std": 3.741007,
    "ci95": 4.233348,
    "n": 3
  }
}