{
  "metrics": {
    "correctness": {
      "mean": 0.6729,
      "std": 0.1624,
      "ci95": 0.0462
    },
    "pass_at_k": {
      "mean": 0.7369,
      "std": 0.2007,
      "ci95": 0.0187
    },
    "joules": {
      "mean": 0.410509,
      "std": 0.102618,
      "ci95": 0.038185
    },
    "speedup": {
      "mean": 474.1044,
      "std": 280.7211,
      "ci95": 30.7105
    }
  }
}
