{
  "metrics": {
    "correctness": {
      "mean": 0.5667,
      "std": 0.1679,
      "ci95": 0.19
    },
    "pass_at_k": {
      "mean": 0.7208,
      "std": 0.1161,
      "ci95": 0.1314
    },
    "joules": {
      "mean": 4.440066,
      "std": 0.209067,
      "ci95": 0.236581
    },
    "speedup": {
      "mean": 1.628003,
      "std": 0.014331,
      "ci95": 0.016217
    }
  }
}
