seed,compile_rate,correctness,pass_at_k,runtime_ms,joules,power_w
11,0.7721518987341772,0.4430379746835443,0.5094936708860759,26.773315639344265,7.9289987377049185,233.810868852459
22,0.9240506329113924,0.5569620253164557,0.640506329113924,27.592513780821918,7.838922547945206,228.805397260274
33,0.9240506329113924,0.5569620253164557,0.640506329113924,28.598499931506847,7.586623219178082,231.19324657534247
