{
  "metrics": {
    "correctness": {
      "mean": 0.8451,
      "std": 0.1055,
      "ci95": 0.049
    },
    "pass_at_k": {
      "mean": 0.556,
      "std": 0.0908,
      "ci95": 0.0689
    },
    "joules": {
      "mean": 0.171572,
      "std": 0.02082,
      "ci95": 0.020836
    },
    "speedup": {
      "mean": 1627.4556,
      "std": 345.2475,
      "ci95": 12.5456
    }
  }
}
