{
  "metrics": {
    "correctness": {
      "mean": 0.5875,
      "std": 0.075,
      "ci95": 0.0849
    },
    "pass_at_k": {
      "mean": 0.7375,
      "std": 0.065,
      "ci95": 0.0735
    },
    "joules": {
      "mean": 5.915516,
      "std": 0.291055,
      "ci95": 0.329359
    },
    "speedup": {
      "mean": 1.524335,
      "std": 0.016316,
      "ci95": 0.018463
    }
  }
}
