{
  "compile_rate": {
    "mean": 0.873418,
    "std": 0.087699,
    "ci95": 0.099241,
    "n": 3
  },
  "correctness": {
    "mean": 0.518987,
    "std": 0.065774,
    "ci95": 0.07443,
    "n": 3
  },
  "pass_at_k": {
    "mean": 0.596835,
    "std": 0.07564,
    "ci95": 0.085595,
    "n": 3
  },
  "runtime_ms": {
    "mean": 27.654776,
    "std": 0.914184,
    "ci95": 1.034496,
    "n": 3
  },
  "joules": {
    "mean": 7.784848,
    "std": 0.177478,
    "ci95": 0.200835,
    "n": 3
  },
  "power_w": {
    "mean": 231.269838,
    "std": 2.503615,
    "ci95": 2.833107,
    "n": 3
  }
}