seed,compile_rate,correctness,pass_at_k,runtime_ms,joules,power_w
11,0.7848101265822784,0.5443037974683544,0.6259493670886076,26.351425596774195,5.461207870967742,227.3200483870968
22,0.9240506329113924,0.6582278481012658,0.7569620253164556,26.63260915068493,5.490017452054794,226.07283561643834
33,0.9240506329113924,0.6708860759493671,0.7715189873417722,25.843381534246575,5.086559534246575,231.53912328767123
