{
  "metrics": {
    "correctness": {
      "mean": 0.7775,
      "std": 0.0678,
      "ci95": 0.042
    },
    "pass_at_k": {
      "mean": 0.7105,
      "std": 0.1648,
      "ci95": 0.089
    },
    "joules": {
      "mean": 0.174922,
      "std": 0.006947,
      "ci95": 0.033703
    },
    "speedup": {
      "mean": 1583.4673,
      "std": 79.0132,
      "ci95": 76.485
    }
  }
}
