{
  "metrics": {
    "correctness": {
      "mean": 0.6875,
      "std": 0.0375,
      "ci95": 0.0424
    },
    "pass_at_k": {
      "mean": 0.8125,
      "std": 0.0331,
      "ci95": 0.0374
    },
    "joules": {
      "mean": 4.038588,
      "std": 0.06182,
      "ci95": 0.069955
    },
    "speedup": {
      "mean": 1.601626,
      "std": 0.012688,
      "ci95": 0.014358
    }
  }
}
