{
  "compile_rate": {
    "mean": 0.877637,
    "std": 0.080391,
    "ci95": 0.09097,
    "n": 3
  },
  "correctness": {
    "mean": 0.624473,
    "std": 0.069716,
    "ci95": 0.078891,
    "n": 3
  },
  "pass_at_k": {
    "mean": 0.718143,
    "std": 0.080173,
    "ci95": 0.090725,
    "n": 3
  },
  "runtime_ms": {
    "mean": 26.275805,
    "std": 0.400011,
    "ci95": 0.452655,
    "n": 3
  },
  "joules": {
    "mean": 5.345928,
    "std": 0.225081,
    "ci95": 0.254704,
    "n": 3
  },
  "power_w": {
    "mean": 228.310669,
    "std": 2.864624,
    "ci95": 3.241628,
    "n": 3
  }
}