{
  "metrics": {
    "correctness": {
      "mean": 0.8742,
      "std": 0.1032,
      "ci95": 0.0371
    },
    "pass_at_k": {
      "mean": 0.638,
      "std": 0.1633,
      "ci95": 0.0607
    },
    "joules": {
      "mean": 0.240753,
      "std": 0.023948,
      "ci95": 0.004542
    },
    "speedup": {
      "mean": 1775.2238,
      "std": 18.3321,
      "ci95": 122.3386
    }
  }
}
