seed,compile_rate,correctness,pass_at_k,runtime_ms,joules,power_w
11,0.8607594936708861,0.5316455696202531,0.6113924050632911,28.336995970588234,7.523128794117647,229.28708823529414
22,0.7468354430379747,0.5063291139240507,0.5822784810126582,25.217984288135593,6.679604813559322,231.70533898305084
33,0.8734177215189873,0.5569620253164557,0.640506329113924,26.932281695652172,6.780092637681159,230.74447826086958
