{
  "compile_rate": {
    "mean": 0.827004,
    "std": 0.069716,
    "ci95": 0.078891,
    "n": 3
  },
  "correctness": {
    "mean": 0.531646,
    "std": 0.025316,
    "ci95": 0.028648,
    "n": 3
  },
  "pass_at_k": {
    "mean": 0.611392,
    "std": 0.029114,
    "ci95": 0.032946,
    "n": 3
  },
  "runtime_ms": {
    "mean": 26.829087,
    "std": 1.562064,
    "ci95": 1.767642,
    "n": 3
  },
  "joules": {
    "mean": 6.994275,
    "std": 0.460748,
    "ci95": 0.521386,
    "n": 3
  },
  "power_w": {
    "mean": 230.578968,
    "std": 1.217592,
    "ci95": 1.377835,
    "n": 3
  }
}