{
  "metrics": {
    "correctness": {
      "mean": 0.625,
      "std": 0.025,
      "ci95": 0.0283
    },
    "pass_at_k": {
      "mean": 0.7625,
      "std": 0.0451,
      "ci95": 0.051
    },
    "joules": {
      "mean": 5.465643,
      "std": 0.188975,
      "ci95": 0.213845
    },
    "speedup": {
      "mean": 1.63622,
      "std": 0.005789,
      "ci95": 0.00655
    }
  }
}
