{
  "metrics": {
    "correctness": {
      "mean": 0.5417,
      "std": 0.0564,
      "ci95": 0.0638
    },
    "pass_at_k": {
      "mean": 0.675,
      "std": 0.0944,
      "ci95": 0.1068
    },
    "joules": {
      "mean": 5.88283,
      "std": 0.05207,
      "ci95": 0.058922
    },
    "speedup": {
      "mean": 1.543828,
      "std": 0.008698,
      "ci95": 0.009842
    }
  }
}
