{
  "metrics": {
    "correctness": {
      "mean": 0.8019,
      "std": 0.1881,
      "ci95": 0.0492
    },
    "pass_at_k": {
      "mean": 0.8542,
      "std": 0.2043,
      "ci95": 0.0126
    },
    "joules": {
      "mean": 0.377366,
      "std": 0.08975,
      "ci95": 0.014115
    },
    "speedup": {
      "mean": 1379.1233,
      "std": 341.506,
      "ci95": 9.4035
    }
  }
}
