{
  "compile_rate": {
    "mean": 0.776371,
    "std": 0.069716,
    "ci95": 0.078891,
    "n": 3
  },
  "correctness": {
    "mean": 0.468354,
    "std": 0.04564,
    "ci95": 0.051646,
    "n": 3
  },
  "pass_at_k": {
    "mean": 0.538608,
    "std": 0.052486,
    "ci95": 0.059393,
    "n": 3
  },
  "runtime_ms": {
    "mean": 27.61349,
    "std": 1.197799,
    "ci95": 1.355437,
    "n": 3
  },
  "joules": {
    "mean": 7.794335,
    "std": 0.455912,
    "ci95": 0.515913,
    "n": 3
  },
  "power_w": {
    "mean": 229.705774,
    "std": 3.142021,
    "ci95": 3.555532,
    "n": 3
  }
}