seed,compile_rate,correctness,pass_at_k,runtime_ms,joules,power_w
11,0.810126582278481,0.5189873417721519,0.5968354430379746,28.98887440625,8.318705015625,226.79715625
22,0.6962025316455697,0.43037974683544306,0.49493670886075947,27.052131818181817,7.4917468,233.0381818181818
33,0.8227848101265823,0.45569620253164556,0.5240506329113923,26.79946313846154,7.5725524,229.2819846153846
