seed,compile_rate,correctness,pass_at_k,runtime_ms,joules,power_w
11,0.8481012658227848,0.45569620253164556,0.5240506329113923,27.76229232835821,7.5068617313432835,228.69710447761193
22,0.9240506329113924,0.5189873417721519,0.5968354430379746,28.04236091780822,7.951498315068493,230.39634246575343
33,0.8987341772151899,0.6329113924050633,0.7278481012658228,27.413372,6.9531569436619725,227.5985352112676
