{
  "compile_rate": {
    "mean": 0.890295,
    "std": 0.038672,
    "ci95": 0.043761,
    "n": 3
  },
  "correctness": {
    "mean": 0.535865,
    "std": 0.089805,
    "ci95": 0.101624,
    "n": 3
  },
  "pass_at_k": {
    "mean": 0.616245,
    "std": 0.103276,
    "ci95": 0.116868,
    "n": 3
  },
  "runtime_ms": {
    "mean": 27.739342,
    "std": 0.315122,
    "ci95": 0.356594,
    "n": 3
  },
  "joules": {
    "mean": 7.470506,
    "std": 0.500163,
    "ci95": 0.565987,
    "n": 3
  },
  "power_w": {
    "mean": 228.897327,
    "std": 1.409609,
    "ci95": 1.595123,
    "n": 3
  }
}