{
  "metrics": {
    "correctness": {
      "mean": 0.9476,
      "std": 0.1431,
      "ci95": 0.0203
    },
    "pass_at_k": {
      "mean": 0.8016,
      "std": 0.092,
      "ci95": 0.0171
    },
    "joules": {
      "mean": 0.458155,
      "std": 0.044162,
      "ci95": 0.006075
    },
    "speedup": {
      "mean": 586.2307,
      "std": 299.0288,
      "ci95": 113.6776
    }
  }
}
