{
  "metrics": {
    "correctness": {
      "mean": 0.575,
      "std": 0.0661,
      "ci95": 0.0748
    },
    "pass_at_k": {
      "mean": 0.75,
      "std": 0.0331,
      "ci95": 0.0374
    },
    "joules": {
      "mean": 5.749122,
      "std": 0.340718,
      "ci95": 0.385558
    },
    "speedup": {
      "mean": 1.5452,
      "std": 0.007803,
      "ci95": 0.00883
    }
  }
}
