model,seed,runtime_ms,joules,correctness
M1_GRPO_THROUGHPUT,11,0.076944,0.10502,0.8107
M1_GRPO_THROUGHPUT,22,0.081066,0.096178,0.8224
M1_GRPO_THROUGHPUT,33,0.077565,0.105153,0.812
M2_GRPO_ENERGY,11,0.085639,0.09,0.8141
M2_GRPO_ENERGY,22,0.082508,0.090224,0.8142
M2_GRPO_ENERGY,33,0.085806,0.092728,0.8226
M3_GRPO_IPW_BLEND,11,0.085352,0.084616,0.8157
M3_GRPO_IPW_BLEND,22,0.080571,0.083773,0.8129
M3_GRPO_IPW_BLEND,33,0.085877,0.084415,0.8115
