seed,compile_rate,correctness,pass_at_k,runtime_ms,joules,power_w
11,0.9240506329113924,0.5316455696202531,0.6113924050632911,25.140246561643835,6.712389219178082,228.52446575342466
22,0.8607594936708861,0.4936708860759494,0.5677215189873418,25.608919779411764,6.791905632352941,230.7792205882353
33,0.9367088607594937,0.5063291139240507,0.5822784810126582,24.389834283783784,6.550707729729729,230.60813513513514
