{
  "compile_rate": {
    "mean": 0.907173,
    "std": 0.040691,
    "ci95": 0.046046,
    "n": 3
  },
  "correctness": {
    "mean": 0.510549,
    "std": 0.019336,
    "ci95": 0.02188,
    "n": 3
  },
  "pass_at_k": {
    "mean": 0.587131,
    "std": 0.022236,
    "ci95": 0.025163,
    "n": 3
  },
  "runtime_ms": {
    "mean": 25.046334,
    "std": 0.614945,
    "ci95": 0.695876,
    "n": 3
  },
  "joules": {
    "mean": 6.685001,
    "std": 0.122909,
    "ci95": 0.139085,
    "n": 3
  },
  "power_w": {
    "mean": 229.970607,
    "std": 1.255313,
    "ci95": 1.420521,
    "n": 3
  }
}