{
  "metrics": {
    "correctness": {
      "mean": 0.6,
      "std": 0.0573,
      "ci95": 0.0648
    },
    "pass_at_k": {
      "mean": 0.7208,
      "std": 0.0402,
      "ci95": 0.0455
    },
    "joules": {
      "mean": 5.049335,
      "std": 0.097212,
      "ci95": 0.110005
    },
    "speedup": {
      "mean": 1.677839,
      "std": 0.009956,
      "ci95": 0.011266
    }
  }
}
