{
  "metrics": {
    "correctness": {
      "mean": 0.7346,
      "std": 0.1622,
      "ci95": 0.0751
    },
    "pass_at_k": {
      "mean": 0.8727,
      "std": 0.1215,
      "ci95": 0.0552
    },
    "joules": {
      "mean": 0.474364,
      "std": 0.0184,
      "ci95": 0.027014
    },
    "speedup": {
      "mean": 964.9661,
      "std": 10.8362,
      "ci95": 23.888
    }
  }
}
