seed,compile_rate,correctness,pass_at_k,runtime_ms_mean,joules_mean,avg_power_w_mean,reward_mean,reward_std,experiment
11,0.925,0.6125,0.7375,19.390604,5.073404,229.924,7.94634,6.31749,paper_appendix
22,0.8875,0.65,0.75,19.641276,5.132251,230.204,8.23138,6.39915,paper_appendix
33,0.8625,0.5375,0.675,19.362543,4.94235,226.482,7.96102,5.96843,paper_appendix
