{
  "metrics": {
    "correctness": {
      "mean": 0.5625,
      "std": 0.0696,
      "ci95": 0.0788
    },
    "pass_at_k": {
      "mean": 0.75,
      "std": 0.0545,
      "ci95": 0.0617
    },
    "joules": {
      "mean": 3.770831,
      "std": 0.130441,
      "ci95": 0.147608
    },
    "speedup": {
      "mean": 1.717173,
      "std": 0.008531,
      "ci95": 0.009654
    }
  }
}
