{
  "metrics": {
    "correctness": {
      "mean": 0.9126,
      "std": 0.1391,
      "ci95": 0.0363
    },
    "pass_at_k": {
      "mean": 0.5394,
      "std": 0.073,
      "ci95": 0.0731
    },
    "joules": {
      "mean": 0.417363,
      "std": 0.065375,
      "ci95": 0.046188
    },
    "speedup": {
      "mean": 948.8212,
      "std": 64.8583,
      "ci95": 150.6053
    }
  }
}
