{
  "experiment": "2026-03_M5_HRL__hierarchical_control",
  "aggregate": {
    "compile_rate": 0.8792,
    "correctness": 0.5625,
    "pass_at_k": 0.75,
    "runtime_ms": 15.758595,
    "joules": 3.770831,
    "power_w": 207.2,
    "reward_mean": 9.97012
  },
  "per_seed": [
    {
      "seed": 11,
      "compile_rate": 0.810126582278481,
      "correctness": 0.3670886075949367,
      "pass_at_k": 0.4221518987341772,
      "runtime_ms": 19.83561953125,
      "joules": 5.156416671875,
      "power_w": 233.462375
    },
    {
      "seed": 22,
      "compile_rate": 0.9620253164556962,
      "correctness": 0.6455696202531646,
      "pass_at_k": 0.7424050632911392,
      "runtime_ms": 21.091226223684213,
      "joules": 5.215404539473684,
      "power_w": 229.98547368421055
    },
    {
      "seed": 33,
      "compile_rate": 0.9113924050632911,
      "correctness": 0.46835443037974683,
      "pass_at_k": 0.5386075949367088,
      "runtime_ms": 19.820225722222222,
      "joules": 4.447667055555556,
      "power_w": 231.034125
    }
  ],
  "num_tasks": 79,
  "seeds": [
    11,
    22,
    33
  ]
}