seed,compile_rate,correctness,pass_at_k,runtime_ms,joules,power_w
11,0.810126582278481,0.3670886075949367,0.4221518987341772,19.83561953125,5.156416671875,233.462375
22,0.9620253164556962,0.6455696202531646,0.7424050632911392,21.091226223684213,5.215404539473684,229.98547368421055
33,0.9113924050632911,0.46835443037974683,0.5386075949367088,19.820225722222222,4.447667055555556,231.034125
