{
  "compile_rate": {
    "mean": 0.894515,
    "std": 0.077343,
    "ci95": 0.087522,
    "n": 3
  },
  "correctness": {
    "mean": 0.493671,
    "std": 0.140956,
    "ci95": 0.159507,
    "n": 3
  },
  "pass_at_k": {
    "mean": 0.567722,
    "std": 0.162099,
    "ci95": 0.183433,
    "n": 3
  },
  "runtime_ms": {
    "mean": 20.249024,
    "std": 0.729409,
    "ci95": 0.825404,
    "n": 3
  },
  "joules": {
    "mean": 4.939829,
    "std": 0.427244,
    "ci95": 0.483473,
    "n": 3
  },
  "power_w": {
    "mean": 231.493991,
    "std": 1.783485,
    "ci95": 2.018203,
    "n": 3
  }
}