{
  "metrics": {
    "correctness": {
      "mean": 0.7217,
      "std": 0.0364,
      "ci95": 0.0219
    },
    "pass_at_k": {
      "mean": 0.9077,
      "std": 0.1012,
      "ci95": 0.0124
    },
    "joules": {
      "mean": 0.469593,
      "std": 0.008662,
      "ci95": 0.012497
    },
    "speedup": {
      "mean": 1548.5678,
      "std": 107.2536,
      "ci95": 175.5149
    }
  }
}
