{
  "compile_rate": {
    "mean": 0.85654,
    "std": 0.038672,
    "ci95": 0.043761,
    "n": 3
  },
  "correctness": {
    "mean": 0.472574,
    "std": 0.031856,
    "ci95": 0.036048,
    "n": 3
  },
  "pass_at_k": {
    "mean": 0.54346,
    "std": 0.036634,
    "ci95": 0.041456,
    "n": 3
  },
  "runtime_ms": {
    "mean": 26.311568,
    "std": 1.162622,
    "ci95": 1.315631,
    "n": 3
  },
  "joules": {
    "mean": 7.01217,
    "std": 0.549623,
    "ci95": 0.621957,
    "n": 3
  },
  "power_w": {
    "mean": 227.606454,
    "std": 1.845119,
    "ci95": 2.087949,
    "n": 3
  }
}