{
  "metrics": {
    "correctness": {
      "mean": 0.5542,
      "std": 0.0072,
      "ci95": 0.0082
    },
    "pass_at_k": {
      "mean": 0.6958,
      "std": 0.026,
      "ci95": 0.0294
    },
    "joules": {
      "mean": 5.458235,
      "std": 0.284787,
      "ci95": 0.322267
    },
    "speedup": {
      "mean": 1.628922,
      "std": 0.018887,
      "ci95": 0.021373
    }
  }
}
