seed,compile_rate,correctness,pass_at_k,runtime_ms,joules,power_w
11,0.8987341772151899,0.5063291139240507,0.5822784810126582,27.231409521126757,7.430331281690141,229.6600704225352
22,0.8481012658227848,0.4430379746835443,0.5094936708860759,26.698471552238807,7.216540432835822,227.07102985074627
33,0.8227848101265823,0.46835443037974683,0.5386075949367088,25.004824353846157,6.3896396769230765,226.08826153846152
