{
  "experiment": "2026-03_M_ALL__seed_robustness",
  "aggregate": {
    "compile_rate": 0.8542,
    "correctness": 0.5542,
    "pass_at_k": 0.6958,
    "runtime_ms": 20.09491,
    "joules": 5.458235,
    "power_w": 235.207,
    "reward_mean": 6.92596
  },
  "per_seed": [
    {
      "seed": 11,
      "compile_rate": 0.8987341772151899,
      "correctness": 0.5063291139240507,
      "pass_at_k": 0.5822784810126582,
      "runtime_ms": 27.231409521126757,
      "joules": 7.430331281690141,
      "power_w": 229.6600704225352
    },
    {
      "seed": 22,
      "compile_rate": 0.8481012658227848,
      "correctness": 0.4430379746835443,
      "pass_at_k": 0.5094936708860759,
      "runtime_ms": 26.698471552238807,
      "joules": 7.216540432835822,
      "power_w": 227.07102985074627
    },
    {
      "seed": 33,
      "compile_rate": 0.8227848101265823,
      "correctness": 0.46835443037974683,
      "pass_at_k": 0.5386075949367088,
      "runtime_ms": 25.004824353846157,
      "joules": 6.3896396769230765,
      "power_w": 226.08826153846152
    }
  ],
  "num_tasks": 79,
  "seeds": [
    11,
    22,
    33
  ]
}