{
  "metrics": {
    "correctness": {
      "mean": 0.4792,
      "std": 0.0361,
      "ci95": 0.0408
    },
    "pass_at_k": {
      "mean": 0.675,
      "std": 0.0,
      "ci95": 0.0
    },
    "joules": {
      "mean": 6.69726,
      "std": 0.336382,
      "ci95": 0.380652
    },
    "speedup": {
      "mean": 1.190269,
      "std": 0.009492,
      "ci95": 0.010742
    }
  }
}
