{
  "compile_rate": {
    "mean": 0.839662,
    "std": 0.047923,
    "ci95": 0.05423,
    "n": 3
  },
  "correctness": {
    "mean": 0.392405,
    "std": 0.066981,
    "ci95": 0.075796,
    "n": 3
  },
  "pass_at_k": {
    "mean": 0.451266,
    "std": 0.077028,
    "ci95": 0.087166,
    "n": 3
  },
  "runtime_ms": {
    "mean": 30.059437,
    "std": 0.803003,
    "ci95": 0.908683,
    "n": 3
  },
  "joules": {
    "mean": 8.78685,
    "std": 0.981877,
    "ci95": 1.111098,
    "n": 3
  },
  "power_w": {
    "mean": 228.471665,
    "std": 1.50277,
    "ci95": 1.700545,
    "n": 3
  }
}