seed,compile_rate,correctness,pass_at_k,runtime_ms,joules,power_w
11,0.8607594936708861,0.4430379746835443,0.5094936708860759,30.87383704411765,9.822399955882352,230.1716617647059
22,0.7848101265822784,0.31645569620253167,0.3639240506329114,29.26833891935484,7.869313032258065,227.32029032258066
33,0.8734177215189873,0.4177215189873418,0.480379746835443,30.036134942028987,8.668838231884058,227.92304347826087
