{
  "metrics": {
    "correctness": {
      "mean": 0.9399,
      "std": 0.0303,
      "ci95": 0.0752
    },
    "pass_at_k": {
      "mean": 0.5892,
      "std": 0.1347,
      "ci95": 0.0743
    },
    "joules": {
      "mean": 0.237053,
      "std": 0.1023,
      "ci95": 0.011558
    },
    "speedup": {
      "mean": 240.623,
      "std": 77.7479,
      "ci95": 105.5842
    }
  }
}
