{
  "metrics": {
    "correctness": {
      "mean": 0.7677,
      "std": 0.148,
      "ci95": 0.0565
    },
    "pass_at_k": {
      "mean": 0.5879,
      "std": 0.1575,
      "ci95": 0.0506
    },
    "joules": {
      "mean": 0.456241,
      "std": 0.02415,
      "ci95": 0.009089
    },
    "speedup": {
      "mean": 111.789,
      "std": 304.1901,
      "ci95": 25.1696
    }
  }
}
