seed,compile_rate,correctness,pass_at_k,runtime_ms,joules,power_w
11,0.8607594936708861,0.45569620253164556,0.5240506329113923,19.56373005882353,5.033221985294118,227.72479411764706
22,0.8734177215189873,0.4177215189873418,0.480379746835443,20.64028175362319,5.216582826086956,229.62578260869566
33,0.9113924050632911,0.569620253164557,0.6550632911392404,19.592408819444444,5.190462680555555,231.3054861111111
