{
  "compile_rate": {
    "mean": 0.881857,
    "std": 0.02635,
    "ci95": 0.029818,
    "n": 3
  },
  "correctness": {
    "mean": 0.481013,
    "std": 0.079051,
    "ci95": 0.089454,
    "n": 3
  },
  "pass_at_k": {
    "mean": 0.553165,
    "std": 0.090908,
    "ci95": 0.102872,
    "n": 3
  },
  "runtime_ms": {
    "mean": 19.93214,
    "std": 0.613436,
    "ci95": 0.694168,
    "n": 3
  },
  "joules": {
    "mean": 5.146756,
    "std": 0.099187,
    "ci95": 0.11224,
    "n": 3
  },
  "power_w": {
    "mean": 229.552021,
    "std": 1.791485,
    "ci95": 2.027256,
    "n": 3
  }
}