{
  "metrics": {
    "correctness": {
      "mean": 0.5917,
      "std": 0.0564,
      "ci95": 0.0638
    },
    "pass_at_k": {
      "mean": 0.725,
      "std": 0.0451,
      "ci95": 0.051
    },
    "joules": {
      "mean": 3.85463,
      "std": 0.013766,
      "ci95": 0.015577
    },
    "speedup": {
      "mean": 1.5537,
      "std": 0.013605,
      "ci95": 0.015395
    }
  }
}
