seed,compile_rate,correctness,pass_at_k,runtime_ms,joules,power_w
11,0.8227848101265823,0.5316455696202531,0.6113924050632911,24.590931707692306,7.755288784615384,229.08533846153847
22,0.8354430379746836,0.5569620253164557,0.640506329113924,24.49113056060606,7.711631227272727,229.8148181818182
33,0.7848101265822784,0.5443037974683544,0.6259493670886076,22.541958887096776,7.032473387096775,232.02237096774195
