{
  "compile_rate": {
    "mean": 0.814346,
    "std": 0.02635,
    "ci95": 0.029818,
    "n": 3
  },
  "correctness": {
    "mean": 0.544304,
    "std": 0.012658,
    "ci95": 0.014324,
    "n": 3
  },
  "pass_at_k": {
    "mean": 0.625949,
    "std": 0.014557,
    "ci95": 0.016473,
    "n": 3
  },
  "runtime_ms": {
    "mean": 23.874674,
    "std": 1.155243,
    "ci95": 1.307281,
    "n": 3
  },
  "joules": {
    "mean": 7.499798,
    "std": 0.405303,
    "ci95": 0.458644,
    "n": 3
  },
  "power_w": {
    "mean": 230.307509,
    "std": 1.529248,
    "ci95": 1.730507,
    "n": 3
  }
}