{
  "metrics": {
    "correctness": {
      "mean": 0.6667,
      "std": 0.0439,
      "ci95": 0.0497
    },
    "pass_at_k": {
      "mean": 0.7917,
      "std": 0.0505,
      "ci95": 0.0572
    },
    "joules": {
      "mean": 5.817797,
      "std": 0.245818,
      "ci95": 0.278169
    },
    "speedup": {
      "mean": 1.919582,
      "std": 0.014139,
      "ci95": 0.016
    }
  }
}
