seed,compile_rate,correctness,pass_at_k,runtime_ms_mean,joules_mean,avg_power_w_mean,reward_mean,reward_std,experiment
11,0.8625,0.625,0.7375,18.774496,6.086606,281.767,7.45947,6.97919,throughput_rl
22,0.8625,0.6625,0.8375,17.957,5.762341,275.05,8.036,6.63393,throughput_rl
33,0.8375,0.7125,0.8,17.994025,5.604444,272.98,8.51023,7.11911,throughput_rl
