{
  "metrics": {
    "correctness": {
      "mean": 0.8889,
      "std": 0.1539,
      "ci95": 0.047
    },
    "pass_at_k": {
      "mean": 0.8957,
      "std": 0.1035,
      "ci95": 0.0897
    },
    "joules": {
      "mean": 0.315608,
      "std": 0.098793,
      "ci95": 0.012558
    },
    "speedup": {
      "mean": 1313.4988,
      "std": 285.0263,
      "ci95": 177.0158
    }
  }
}
