{
  "metrics": {
    "correctness": {
      "mean": 0.6083,
      "std": 0.0144,
      "ci95": 0.0163
    },
    "pass_at_k": {
      "mean": 0.7583,
      "std": 0.0382,
      "ci95": 0.0432
    },
    "joules": {
      "mean": 4.296739,
      "std": 0.295533,
      "ci95": 0.334428
    },
    "speedup": {
      "mean": 1.669516,
      "std": 0.013886,
      "ci95": 0.015713
    }
  }
}
