seed,compile_rate,correctness,pass_at_k,runtime_ms_mean,joules_mean,avg_power_w_mean,reward_mean,reward_std,experiment
11,0.9079,0.6714,0.9131,0.108787,0.347089,280.51,1.70681,1.13202,regime_mixed
22,0.9026,0.9442,0.8777,0.032022,0.5023,230.977,4.18588,0.71756,regime_mixed
33,0.9299,0.8517,0.7234,0.054731,0.40676,97.948,2.484,1.54034,regime_mixed
