{
  "metrics": {
    "correctness": {
      "mean": 0.6669,
      "std": 0.1135,
      "ci95": 0.0103
    },
    "pass_at_k": {
      "mean": 0.8556,
      "std": 0.1554,
      "ci95": 0.081
    },
    "joules": {
      "mean": 0.378806,
      "std": 0.04956,
      "ci95": 0.005743
    },
    "speedup": {
      "mean": 697.4944,
      "std": 137.1199,
      "ci95": 124.3937
    }
  }
}
