{
  "compile_rate": {
    "mean": 0.911392,
    "std": 0.012658,
    "ci95": 0.014324,
    "n": 3
  },
  "correctness": {
    "mean": 0.531646,
    "std": 0.033491,
    "ci95": 0.037898,
    "n": 3
  },
  "pass_at_k": {
    "mean": 0.611392,
    "std": 0.038514,
    "ci95": 0.043583,
    "n": 3
  },
  "runtime_ms": {
    "mean": 21.612511,
    "std": 1.656584,
    "ci95": 1.874601,
    "n": 3
  },
  "joules": {
    "mean": 5.507508,
    "std": 0.440915,
    "ci95": 0.498943,
    "n": 3
  },
  "power_w": {
    "mean": 229.687238,
    "std": 2.107333,
    "ci95": 2.384672,
    "n": 3
  }
}