seed,compile_rate,correctness,pass_at_k,runtime_ms,joules,power_w
11,0.8987341772151899,0.5063291139240507,0.5822784810126582,22.28168391549296,5.974777873239437,228.46177464788732
22,0.9113924050632911,0.569620253164557,0.6550632911392404,22.82983438888889,5.448947,232.12055555555557
33,0.9240506329113924,0.5189873417721519,0.5968354430379746,19.726013452054797,5.098799821917808,228.47938356164383
