{
  "compile_rate": {
    "mean": 0.902954,
    "std": 0.038672,
    "ci95": 0.043761,
    "n": 3
  },
  "correctness": {
    "mean": 0.523207,
    "std": 0.119641,
    "ci95": 0.135386,
    "n": 3
  },
  "pass_at_k": {
    "mean": 0.601688,
    "std": 0.137587,
    "ci95": 0.155694,
    "n": 3
  },
  "runtime_ms": {
    "mean": 27.750428,
    "std": 0.307098,
    "ci95": 0.347514,
    "n": 3
  },
  "joules": {
    "mean": 7.374346,
    "std": 0.218989,
    "ci95": 0.247809,
    "n": 3
  },
  "power_w": {
    "mean": 232.581333,
    "std": 1.449545,
    "ci95": 1.640315,
    "n": 3
  }
}