{
  "metrics": {
    "correctness": {
      "mean": 0.7067,
      "std": 0.1041,
      "ci95": 0.0706
    },
    "pass_at_k": {
      "mean": 0.8134,
      "std": 0.1996,
      "ci95": 0.0784
    },
    "joules": {
      "mean": 0.207799,
      "std": 0.024905,
      "ci95": 0.016152
    },
    "speedup": {
      "mean": 174.3323,
      "std": 55.9726,
      "ci95": 151.5433
    }
  }
}
