seed,compile_rate,correctness,pass_at_k,runtime_ms,joules,power_w
11,0.8607594936708861,0.4810126582278481,0.5531645569620253,28.010353220588236,7.123430529411765,230.90782352941176
22,0.9367088607594937,0.6582278481012658,0.7569620253164556,27.411568054054054,7.526954972972973,233.44463513513512
33,0.9113924050632911,0.43037974683544306,0.49493670886075947,27.829364180555554,7.472653500000001,233.39154166666665
