{
  "metrics": {
    "correctness": {
      "mean": 0.5542,
      "std": 0.0315,
      "ci95": 0.0356
    },
    "pass_at_k": {
      "mean": 0.7208,
      "std": 0.0473,
      "ci95": 0.0536
    },
    "joules": {
      "mean": 5.631998,
      "std": 0.127989,
      "ci95": 0.144833
    },
    "speedup": {
      "mean": 1.564557,
      "std": 0.028998,
      "ci95": 0.032814
    }
  }
}
