{
  "metrics": {
    "correctness": {
      "mean": 0.5542,
      "std": 0.0473,
      "ci95": 0.0536
    },
    "pass_at_k": {
      "mean": 0.7,
      "std": 0.0573,
      "ci95": 0.0648
    },
    "joules": {
      "mean": 4.9203,
      "std": 0.194479,
      "ci95": 0.220074
    },
    "speedup": {
      "mean": 1.721591,
      "std": 0.003198,
      "ci95": 0.003618
    }
  }
}
