{
  "metrics": {
    "correctness": {
      "mean": 0.8121,
      "std": 0.0635,
      "ci95": 0.062
    },
    "pass_at_k": {
      "mean": 0.4973,
      "std": 0.0419,
      "ci95": 0.0418
    },
    "joules": {
      "mean": 0.23452,
      "std": 0.109848,
      "ci95": 0.022441
    },
    "speedup": {
      "mean": 1436.388,
      "std": 147.2291,
      "ci95": 107.4354
    }
  }
}
