seed,compile_rate,correctness,pass_at_k,runtime_ms,joules,power_w
11,0.7974683544303798,0.3924050632911392,0.4512658227848101,25.310649904761906,6.635499285714285,231.48287301587303
22,0.8987341772151899,0.6455696202531646,0.7424050632911392,24.35227590140845,6.638140394366197,235.13095774647886
33,0.8734177215189873,0.43037974683544306,0.49493670886075947,24.768498144927538,6.088671115942029,229.48689855072462
