{
  "compile_rate": {
    "mean": 0.85654,
    "std": 0.0527,
    "ci95": 0.059636,
    "n": 3
  },
  "correctness": {
    "mean": 0.489451,
    "std": 0.136529,
    "ci95": 0.154497,
    "n": 3
  },
  "pass_at_k": {
    "mean": 0.562869,
    "std": 0.157008,
    "ci95": 0.177672,
    "n": 3
  },
  "runtime_ms": {
    "mean": 24.810475,
    "std": 0.480564,
    "ci95": 0.543809,
    "n": 3
  },
  "joules": {
    "mean": 6.454104,
    "std": 0.316477,
    "ci95": 0.358127,
    "n": 3
  },
  "power_w": {
    "mean": 232.033576,
    "std": 2.862046,
    "ci95": 3.23871,
    "n": 3
  }
}